{
  "id" : "AAf9r-7UMzIK98d8ZTMwMhA",
  "timestamp" : "2023-09-14T08:18:16.889Z[UTC]",
  "appAppleId" : 6466304745,
  "cfBundleShortVersion" : "1.0",
  "cfBundleVersion" : "4",
  "deviceModel" : "iPhone13,3",
  "osVersion" : "17.0",
  "locale" : "nb-NO",
  "carrier" : null,
  "timezone" : "Europe/Oslo",
  "architecture" : "arm64e",
  "connectionStatus" : "WI_FI",
  "pairedAppleWatch" : "",
  "appUptimeMillis" : null,
  "availableDiskBytes" : 57128042496,
  "totalDiskBytes" : 127881465856,
  "networkType" : null,
  "batteryPercentage" : 55,
  "screenWidth" : 390,
  "screenHeight" : 844,
  "emailAddress" : null,
  "comment" : "Masse bugs, teksten flytter seg. Ikke bra nok!"
}